<?xml version="1.0" encoding="UTF-8"?>
<template>
<key>main_include</key>
<value>null</value>

<key>main_define</key>
<value>main_define1_4</value>

<key>main_volatile</key>
<value>main_volatile1</value>

<key>main_function</key>
<value>main_function3_4</value>

<key>main_printf</key>
<value>main_printf2</value>

<key>main_body</key>
<value>main_body4|main_body8|main_body5|main_body6|main_body7_4</value>

<key>main_whilebody</key>
<value>main_while1|main_while5|main_while6|main_while7|main_while4|main_while3</value>

<key>main_funbody</key>
<value>main_funbody3_4</value>

<key>main_Delay_ms</key>
<value>null</value>

<key>main_TIMER0_IRQHandler</key>
<value>null</value>




    <itkey>it_include</itkey>
    <itvalue>null</itvalue>
    <itkey>it_volatile</itkey>
    <itvalue>it_volatile3</itvalue>
    <itkey>it_function</itkey>
    <itvalue>null</itvalue>
    <itkey>it_SysTick_Handler</itkey>
    <itvalue>it_SysTick_Handler2</itvalue>
    <itkey>it_funbody</itkey>
    <itvalue>null</itvalue>
    <itkey>it_GPIO0_TO_GPIO3_IRQHandler</itkey>
    <itvalue>null</itvalue> 
    <itkey>it_ADC_IRQHandler</itkey>
    <itvalue>null</itvalue>


</template>
