<?xml version="1.0" encoding="UTF-8"?>
<template>
<key>main_include</key>
<value>null</value>

<key>main_define</key>
<value>null</value>

<key>main_volatile</key>
<value>main_volatile1|main_volatile4</value>

<key>main_function</key>
<value>main_function20</value>

<key>main_printf</key>
<value>main_printf7</value>

<key>main_body</key>
<value>main_body4|main_body20|main_body6|main_body21</value>

<key>main_whilebody</key>
<value>main_while9</value>

<key>main_funbody</key>
<value>main_funbody21</value>

<key>main_Delay_ms</key>
<value>null</value>

<key>main_TIMER0_IRQHandler</key>
<value>null</value>




    <itkey>it_include</itkey>
    <itvalue>null</itvalue>
    <itkey>it_volatile</itkey>
    <itvalue>it_volatile3|it_volatile4</itvalue>
    <itkey>it_function</itkey>
    <itvalue>null</itvalue>
    <itkey>it_SysTick_Handler</itkey>
    <itvalue>it_SysTick_Handler2</itvalue>
    <itkey>it_funbody</itkey>
    <itvalue>null</itvalue>
    <itkey>it_GPIO0_TO_GPIO3_IRQHandler</itkey>
    <itvalue>it_GPIO0_TO_GPIO3_IRQHandler2</itvalue>
    <itkey>it_ADC_IRQHandler</itkey>
    <itvalue>null</itvalue>

</template>
