<?xml version="1.0" encoding="UTF-8"?>
<template>
<key>main_include</key>
<value>null</value>

<key>main_define</key>
<value>main_define8</value>

<key>main_volatile</key>
<value>main_volatile5</value>

<key>main_function</key>
<value>main_function21|main_function22</value>

<key>main_printf</key>
<value>main_printf15</value>

<key>main_body</key>
<value>main_body29|main_body31</value>

<key>main_whilebody</key>
<value>main_while15</value>

<key>main_funbody</key>
<value>main_funbody44|main_funbody43</value>

<key>main_Delay_ms</key>
<value>main_Delay_ms3</value>

<key>main_TIMER0_IRQHandler</key>
<value>null</value>




    <itkey>it_include</itkey>
    <itvalue>null</itvalue>
    <itkey>it_volatile</itkey>
    <itvalue>null</itvalue>
    <itkey>it_function</itkey>
    <itvalue>null</itvalue>
    <itkey>it_SysTick_Handler</itkey>
    <itvalue>null</itvalue>
    <itkey>it_funbody</itkey>
    <itvalue>null</itvalue>
    <itkey>it_GPIO0_TO_GPIO3_IRQHandler</itkey>
    <itvalue>null</itvalue> 
    <itkey>it_ADC_IRQHandler</itkey>
    <itvalue>null</itvalue>

</template>
